SEP=;
timestamp;deltaTime;hr;hrValid
2024-02-08T12:56:28.526;8752;48;True
2024-02-08T12:56:28.533;8752;48;True
2024-02-08T12:56:28.537;8752;48;True
2024-02-08T12:56:28.543;8752;48;True
2024-02-08T12:56:28.549;8752;48;True
2024-02-08T12:56:28.556;8752;48;True
2024-02-08T12:56:28.562;8752;48;True
2024-02-08T12:56:28.568;8752;48;True
2024-02-08T12:56:28.574;8752;48;True
2024-02-08T12:56:28.579;8752;48;True
2024-02-08T12:56:28.584;8752;48;True
2024-02-08T12:56:28.590;8752;48;True
2024-02-08T12:56:28.595;8752;48;True
2024-02-08T12:56:28.601;8752;48;True
2024-02-08T12:56:28.608;8752;48;True
2024-02-08T12:56:28.613;8752;48;True
2024-02-08T12:56:28.619;8752;48;True
2024-02-08T12:56:28.624;8752;48;True
2024-02-08T12:56:28.629;8752;48;True
2024-02-08T12:56:28.637;8752;48;True
2024-02-08T12:56:28.644;8752;48;True
2024-02-08T12:56:28.648;8752;48;True
2024-02-08T12:56:28.653;8752;48;True
2024-02-08T12:56:28.658;8752;48;True
2024-02-08T12:56:28.662;8752;48;True
2024-02-08T12:56:28.667;8752;48;True
2024-02-08T12:56:28.672;8752;48;True
2024-02-08T12:56:28.677;8752;48;True
2024-02-08T12:56:28.681;8752;48;True
2024-02-08T12:56:28.686;8752;48;True
2024-02-08T12:56:28.691;8752;48;True
2024-02-08T12:56:28.695;8752;48;True
2024-02-08T12:56:28.701;8752;48;True
2024-02-08T12:56:28.706;8752;48;True
2024-02-08T12:56:28.710;8752;48;True
2024-02-08T12:56:28.715;8752;48;True
2024-02-08T12:56:28.720;8752;48;True
2024-02-08T12:56:28.726;8752;48;True
2024-02-08T12:56:28.732;8752;48;True
2024-02-08T12:56:28.738;8752;48;True
2024-02-08T12:56:28.744;8752;48;True
2024-02-08T12:56:28.750;8752;48;True
2024-02-08T12:56:28.756;8752;48;True
2024-02-08T12:56:28.760;8752;48;True
2024-02-08T12:56:28.765;8752;48;True
2024-02-08T12:56:28.770;8752;48;True
2024-02-08T12:56:28.774;8752;48;True
2024-02-08T12:56:28.780;8752;48;True
2024-02-08T12:56:28.785;8752;48;True
2024-02-08T12:56:28.790;8752;48;True
2024-02-08T12:56:28.794;8752;48;True
2024-02-08T12:56:28.799;8752;48;True
2024-02-08T12:56:28.804;8752;48;True
2024-02-08T12:56:28.809;8752;48;True
2024-02-08T12:56:28.815;8752;48;True
2024-02-08T12:56:28.819;8752;48;True
2024-02-08T12:56:28.823;8752;48;True
2024-02-08T12:56:28.828;8752;48;True
2024-02-08T12:56:28.832;8752;48;True
2024-02-08T12:56:28.836;8752;48;True
2024-02-08T12:56:28.842;8752;48;True
2024-02-08T12:56:28.846;8752;48;True
2024-02-08T12:56:28.851;8752;48;True
2024-02-08T12:56:28.855;8752;48;True
2024-02-08T12:56:28.859;8752;48;True
2024-02-08T12:56:28.863;8752;48;True
2024-02-08T12:56:28.867;8752;48;True
2024-02-08T12:56:28.871;8752;48;True
2024-02-08T12:56:28.876;8752;48;True
2024-02-08T12:56:28.880;8752;48;True
2024-02-08T12:56:28.885;8752;48;True
2024-02-08T12:56:28.889;8752;48;True
2024-02-08T12:56:28.893;8752;48;True
2024-02-08T12:56:28.897;8752;48;True
2024-02-08T12:56:28.902;8752;48;True
2024-02-08T12:56:28.907;8752;48;True
2024-02-08T12:56:28.911;8752;48;True
2024-02-08T12:56:28.915;8752;48;True
2024-02-08T12:56:28.919;8752;48;True
2024-02-08T12:56:28.923;8752;48;True
2024-02-08T12:56:28.927;8752;48;True
2024-02-08T12:56:28.932;8752;48;True
2024-02-08T12:56:28.937;8752;48;True
2024-02-08T12:56:28.942;8752;48;True
2024-02-08T12:56:28.947;8752;48;True
2024-02-08T12:56:28.951;8752;48;True
2024-02-08T12:56:28.956;8752;48;True
2024-02-08T12:56:28.960;8752;48;True
2024-02-08T12:56:28.965;8752;48;True
2024-02-08T12:56:28.968;8752;48;True
2024-02-08T12:56:28.973;8752;48;True
2024-02-08T12:56:28.977;8752;48;True
2024-02-08T12:56:28.981;8752;48;True
2024-02-08T12:56:28.986;8752;48;True
2024-02-08T12:56:28.989;8752;48;True
2024-02-08T12:56:28.994;8752;48;True
2024-02-08T12:56:28.998;8752;48;True
2024-02-08T12:56:29.002;8752;48;True
2024-02-08T12:56:29.007;8752;48;True
2024-02-08T12:56:29.013;8752;48;True
2024-02-08T12:56:29.019;8752;48;True
2024-02-08T12:56:29.025;8752;48;True
2024-02-08T12:56:29.028;8752;48;True
2024-02-08T12:56:29.033;8752;48;True
2024-02-08T12:56:29.037;8752;48;True
2024-02-08T12:56:29.041;8752;48;True
2024-02-08T12:56:29.046;8752;48;True
2024-02-08T12:56:29.050;8752;48;True
2024-02-08T12:56:29.054;8752;48;True
2024-02-08T12:56:29.058;8752;48;True
2024-02-08T12:56:29.062;8752;48;True
2024-02-08T12:56:29.066;8752;48;True
2024-02-08T12:56:29.070;8752;48;True
2024-02-08T12:56:29.075;8752;48;True
2024-02-08T12:56:29.078;8752;48;True
2024-02-08T12:56:29.084;8752;48;True
2024-02-08T12:56:29.088;8752;48;True
2024-02-08T12:56:29.093;8752;48;True
2024-02-08T12:56:29.098;8752;48;True
2024-02-08T12:56:29.102;8752;48;True
2024-02-08T12:56:29.106;8752;48;True
2024-02-08T12:56:29.109;8752;48;True
2024-02-08T12:56:29.113;8752;48;True
2024-02-08T12:56:29.117;8752;48;True
2024-02-08T12:56:29.121;8752;48;True
2024-02-08T12:56:29.125;8752;48;True
2024-02-08T12:56:29.129;8752;48;True
2024-02-08T12:56:29.134;8752;48;True
2024-02-08T12:56:29.139;8752;48;True
2024-02-08T12:56:29.144;8752;48;True
2024-02-08T12:56:29.148;8752;48;True
2024-02-08T12:56:29.152;8752;48;True
2024-02-08T12:56:29.156;8752;48;True
2024-02-08T12:56:29.160;8752;48;True
2024-02-08T12:56:29.165;8752;48;True
2024-02-08T12:56:29.168;8752;48;True
2024-02-08T12:56:29.173;8752;48;True
2024-02-08T12:56:29.177;8752;48;True
2024-02-08T12:56:29.182;8752;48;True
2024-02-08T12:56:29.186;8752;48;True
2024-02-08T12:56:29.191;8752;48;True
2024-02-08T12:56:29.194;8752;48;True
2024-02-08T12:56:29.199;8752;48;True
2024-02-08T12:56:29.205;8752;48;True
2024-02-08T12:56:29.211;8752;48;True
2024-02-08T12:56:29.218;8752;48;True
2024-02-08T12:56:29.224;8752;48;True
2024-02-08T12:56:29.228;8752;48;True
2024-02-08T12:56:29.233;8752;48;True
2024-02-08T12:56:29.237;8752;48;True
2024-02-08T12:56:29.242;8752;48;True
2024-02-08T12:56:29.245;8752;48;True
2024-02-08T12:56:29.250;8752;48;True
2024-02-08T12:56:29.254;8752;48;True
2024-02-08T12:56:29.258;8752;48;True
2024-02-08T12:56:29.262;8752;48;True
2024-02-08T12:56:29.267;8752;48;True
2024-02-08T12:56:29.271;8752;48;True
2024-02-08T12:56:29.276;8752;48;True
2024-02-08T12:56:29.280;8752;48;True
2024-02-08T12:56:29.284;8752;48;True
2024-02-08T12:56:29.288;8752;48;True
2024-02-08T12:56:29.292;8752;48;True
2024-02-08T12:56:29.297;8752;48;True
2024-02-08T12:56:29.300;8752;48;True
2024-02-08T12:56:29.304;8752;48;True
2024-02-08T12:56:29.308;8752;48;True
2024-02-08T12:56:29.312;8752;48;True
2024-02-08T12:56:29.316;8752;48;True
2024-02-08T12:56:29.320;8752;48;True
2024-02-08T12:56:29.324;8752;48;True
2024-02-08T12:56:29.327;8752;48;True
2024-02-08T12:56:29.331;8752;48;True
2024-02-08T12:56:29.335;8752;48;True
2024-02-08T12:56:29.339;8752;48;True
2024-02-08T12:56:29.342;8752;48;True
2024-02-08T12:56:29.346;8752;48;True
2024-02-08T12:56:29.352;8752;48;True
2024-02-08T12:56:29.357;8752;48;True
2024-02-08T12:56:29.361;8752;48;True
2024-02-08T12:56:29.366;8752;48;True
2024-02-08T12:56:29.369;8752;48;True
2024-02-08T12:56:29.374;8752;48;True
2024-02-08T12:56:29.378;8752;48;True
2024-02-08T12:56:29.382;8752;48;True
2024-02-08T12:56:29.386;8752;48;True
2024-02-08T12:56:29.393;8752;48;True
2024-02-08T12:56:29.397;8752;48;True
2024-02-08T12:56:29.401;8752;48;True
2024-02-08T12:56:29.406;8752;48;True
2024-02-08T12:56:29.411;8752;48;True
2024-02-08T12:56:29.419;8752;48;True
2024-02-08T12:56:29.424;8752;48;True
2024-02-08T12:56:29.428;8752;48;True
2024-02-08T12:56:29.433;8752;48;True
2024-02-08T12:56:29.438;8752;48;True
2024-02-08T12:56:29.442;8752;48;True
2024-02-08T12:56:29.446;8752;48;True
2024-02-08T12:56:29.451;8752;48;True
2024-02-08T12:56:29.456;8752;48;True
2024-02-08T12:56:29.460;8752;48;True
2024-02-08T12:56:29.465;8752;48;True
2024-02-08T12:56:29.470;8752;48;True
2024-02-08T12:56:29.476;8752;48;True
2024-02-08T12:56:29.482;8752;48;True
2024-02-08T12:56:29.486;8752;48;True
2024-02-08T12:56:29.491;8752;48;True
2024-02-08T12:56:29.496;8752;48;True
2024-02-08T12:56:29.500;8752;48;True
2024-02-08T12:56:29.505;8752;48;True
2024-02-08T12:56:29.509;8752;48;True
2024-02-08T12:56:29.515;8752;48;True
2024-02-08T12:56:29.520;8752;48;True
2024-02-08T12:56:29.525;8752;48;True
2024-02-08T12:56:29.530;8752;48;True
2024-02-08T12:56:29.535;8752;48;True
2024-02-08T12:56:29.540;8752;48;True
2024-02-08T12:56:29.546;8752;48;True
2024-02-08T12:56:29.552;8752;48;True
2024-02-08T12:56:29.557;8752;48;True
2024-02-08T12:56:29.561;8752;48;True
2024-02-08T12:56:29.566;8752;48;True
2024-02-08T12:56:29.570;8752;48;True
2024-02-08T12:56:29.574;8752;48;True
2024-02-08T12:56:29.578;8752;48;True
2024-02-08T12:56:29.582;8752;48;True
2024-02-08T12:56:29.586;8752;48;True
2024-02-08T12:56:29.590;8752;48;True
2024-02-08T12:56:29.594;8752;48;True
2024-02-08T12:56:29.598;8752;48;True
2024-02-08T12:56:29.602;8752;48;True
2024-02-08T12:56:29.606;8752;48;True
2024-02-08T12:56:29.611;8752;48;True
2024-02-08T12:56:29.615;8752;48;True
2024-02-08T12:56:29.620;8752;48;True
2024-02-08T12:56:29.624;8752;48;True
2024-02-08T12:56:29.628;8752;48;True
2024-02-08T12:56:29.632;8752;48;True
2024-02-08T12:56:29.637;8752;48;True
2024-02-08T12:56:29.640;8752;48;True
2024-02-08T12:56:29.644;8752;48;True
2024-02-08T12:56:29.648;8752;48;True
2024-02-08T12:56:29.652;8752;48;True
2024-02-08T12:56:29.656;8752;48;True
2024-02-08T12:56:29.660;8752;48;True
2024-02-08T12:56:29.664;8752;48;True
2024-02-08T12:56:29.668;8752;48;True
2024-02-08T12:56:29.672;8752;48;True
2024-02-08T12:56:29.676;8752;48;True
2024-02-08T12:56:29.679;8752;48;True
2024-02-08T12:56:29.683;8752;48;True
2024-02-08T12:56:29.688;8752;48;True
2024-02-08T12:56:29.693;8752;48;True
2024-02-08T12:56:29.697;8752;48;True
2024-02-08T12:56:29.701;8752;48;True
2024-02-08T12:56:29.705;8752;48;True
2024-02-08T12:56:29.709;8752;48;True
2024-02-08T12:56:29.715;8752;48;True
2024-02-08T12:56:29.719;8752;48;True
2024-02-08T12:56:29.723;8752;48;True
2024-02-08T12:56:29.727;8752;48;True
2024-02-08T12:56:29.733;8752;48;True
2024-02-08T12:56:29.738;8752;48;True
2024-02-08T12:56:29.742;8752;48;True
2024-02-08T12:56:29.747;8752;48;True
2024-02-08T12:56:29.752;8752;48;True
2024-02-08T12:56:29.756;8752;48;True
2024-02-08T12:56:29.761;8752;48;True
2024-02-08T12:56:29.766;8752;48;True
2024-02-08T12:56:29.769;8752;48;True
2024-02-08T12:56:29.774;8752;48;True
2024-02-08T12:56:29.779;8752;48;True
2024-02-08T12:56:29.783;8752;48;True
2024-02-08T12:56:29.788;8752;48;True
2024-02-08T12:56:29.792;8752;48;True
2024-02-08T12:56:29.797;8752;48;True
2024-02-08T12:56:29.801;8752;48;True
2024-02-08T12:56:29.805;8752;48;True
2024-02-08T12:56:29.809;8752;48;True
2024-02-08T12:56:29.813;8752;48;True
2024-02-08T12:56:29.819;8752;48;True
2024-02-08T12:56:29.826;8752;48;True
2024-02-08T12:56:29.831;8752;48;True
2024-02-08T12:56:29.836;8752;48;True
2024-02-08T12:56:29.841;8752;48;True
2024-02-08T12:56:29.845;8752;48;True
2024-02-08T12:56:29.851;8752;48;True
2024-02-08T12:56:29.856;8752;48;True
2024-02-08T12:56:29.860;8752;48;True
2024-02-08T12:56:29.865;8752;48;True
2024-02-08T12:56:29.869;8752;48;True
2024-02-08T12:56:29.875;8752;48;True
2024-02-08T12:56:29.882;8752;48;True
2024-02-08T12:56:29.887;8752;48;True
2024-02-08T12:56:29.892;8752;48;True
2024-02-08T12:56:29.897;8752;48;True
2024-02-08T12:56:29.902;8752;48;True
2024-02-08T12:56:29.906;8752;48;True
2024-02-08T12:56:29.912;8752;48;True
2024-02-08T12:56:29.917;8752;48;True
2024-02-08T12:56:29.921;8752;48;True
2024-02-08T12:56:29.926;8752;48;True
2024-02-08T12:56:29.931;8752;48;True
2024-02-08T12:56:29.936;8752;48;True
2024-02-08T12:56:29.941;8752;48;True
2024-02-08T12:56:29.945;8752;48;True
2024-02-08T12:56:29.949;8752;48;True
2024-02-08T12:56:29.953;8752;48;True
2024-02-08T12:56:29.957;8752;48;True
2024-02-08T12:56:29.962;8752;48;True
2024-02-08T12:56:29.966;8752;48;True
2024-02-08T12:56:29.970;8752;48;True
2024-02-08T12:56:29.975;8752;48;True
2024-02-08T12:56:29.980;8752;48;True
2024-02-08T12:56:29.984;8752;48;True
2024-02-08T12:56:29.989;8752;48;True
2024-02-08T12:56:29.995;8752;48;True
2024-02-08T12:56:30.001;8752;48;True
2024-02-08T12:56:30.007;8752;48;True
2024-02-08T12:56:30.014;8752;48;True
2024-02-08T12:56:30.020;8752;48;True
2024-02-08T12:56:30.031;8752;48;True
2024-02-08T12:56:30.036;8752;48;True
2024-02-08T12:56:30.042;8752;48;True
2024-02-08T12:56:30.048;8752;48;True
2024-02-08T12:56:30.053;8752;48;True
2024-02-08T12:56:30.058;8752;48;True
2024-02-08T12:56:30.064;8752;48;True
2024-02-08T12:56:30.069;8752;48;True
2024-02-08T12:56:30.075;8752;48;True
2024-02-08T12:56:30.080;8752;48;True
2024-02-08T12:56:30.085;8752;48;True
2024-02-08T12:56:30.091;8752;48;True
2024-02-08T12:56:30.097;8752;48;True
2024-02-08T12:56:30.102;8752;48;True
2024-02-08T12:56:30.107;8752;48;True
2024-02-08T12:56:30.112;8752;48;True
2024-02-08T12:56:30.117;8752;48;True
2024-02-08T12:56:30.122;8752;48;True
2024-02-08T12:56:30.127;8752;48;True
2024-02-08T12:56:30.133;8752;48;True
2024-02-08T12:56:30.139;8752;48;True
2024-02-08T12:56:30.146;8752;48;True
2024-02-08T12:56:30.152;8752;48;True
2024-02-08T12:56:30.158;8752;48;True
2024-02-08T12:56:30.164;8752;48;True
2024-02-08T12:56:30.170;8752;48;True
2024-02-08T12:56:30.176;8752;48;True
2024-02-08T12:56:30.183;8752;48;True
2024-02-08T12:56:30.190;8752;48;True
2024-02-08T12:56:30.196;8752;48;True
2024-02-08T12:56:30.201;8752;48;True
2024-02-08T12:56:30.207;8752;48;True
2024-02-08T12:56:30.212;8752;48;True
2024-02-08T12:56:30.217;8752;48;True
2024-02-08T12:56:30.222;8752;48;True
2024-02-08T12:56:30.229;8752;48;True
2024-02-08T12:56:30.233;8752;48;True
2024-02-08T12:56:30.238;8752;48;True
2024-02-08T12:56:30.242;8752;48;True
2024-02-08T12:56:30.246;8752;48;True
2024-02-08T12:56:30.251;8752;48;True
2024-02-08T12:56:30.256;8752;48;True
2024-02-08T12:56:30.260;8752;48;True
2024-02-08T12:56:30.265;8752;48;True
2024-02-08T12:56:30.269;8752;48;True
2024-02-08T12:56:30.274;8752;48;True
2024-02-08T12:56:30.278;8752;48;True
2024-02-08T12:56:30.282;8752;48;True
2024-02-08T12:56:30.287;8752;48;True
2024-02-08T12:56:30.291;8752;48;True
2024-02-08T12:56:30.296;8752;48;True
2024-02-08T12:56:30.300;8752;48;True
2024-02-08T12:56:30.304;8752;48;True
2024-02-08T12:56:30.308;8752;48;True
2024-02-08T12:56:30.313;8752;48;True
2024-02-08T12:56:30.317;8752;48;True
2024-02-08T12:56:30.322;8752;48;True
2024-02-08T12:56:30.326;8752;48;True
2024-02-08T12:56:30.330;8752;48;True
2024-02-08T12:56:30.334;8752;48;True
2024-02-08T12:56:30.340;8752;48;True
2024-02-08T12:56:30.345;8752;48;True
2024-02-08T12:56:30.349;8752;48;True
2024-02-08T12:56:30.354;8752;48;True
2024-02-08T12:56:30.358;8752;48;True
2024-02-08T12:56:30.363;8752;48;True
2024-02-08T12:56:30.368;8752;48;True
2024-02-08T12:56:30.372;8752;48;True
2024-02-08T12:56:30.377;8752;48;True
2024-02-08T12:56:30.381;8752;48;True
2024-02-08T12:56:30.386;8752;48;True
2024-02-08T12:56:30.390;8752;48;True
2024-02-08T12:56:30.394;8752;48;True
2024-02-08T12:56:30.398;8752;48;True
2024-02-08T12:56:30.403;8752;48;True
2024-02-08T12:56:30.408;8752;48;True
2024-02-08T12:56:30.414;8752;48;True
2024-02-08T12:56:30.419;8752;48;True
2024-02-08T12:56:30.423;8752;48;True
2024-02-08T12:56:30.430;8752;48;True
2024-02-08T12:56:30.435;8752;48;True
2024-02-08T12:56:30.439;8752;48;True
2024-02-08T12:56:30.445;8752;48;True
2024-02-08T12:56:30.451;8752;48;True
2024-02-08T12:56:30.456;8752;48;True
2024-02-08T12:56:30.460;8752;48;True
2024-02-08T12:56:30.465;8752;48;True
2024-02-08T12:56:30.470;8752;48;True
2024-02-08T12:56:30.475;8752;48;True
2024-02-08T12:56:30.479;8752;48;True
2024-02-08T12:56:30.484;8752;48;True
2024-02-08T12:56:30.488;8752;48;True
2024-02-08T12:56:30.494;8752;48;True
2024-02-08T12:56:30.499;8752;48;True
2024-02-08T12:56:30.503;8752;48;True
2024-02-08T12:56:30.508;8752;48;True
2024-02-08T12:56:30.513;8752;48;True
2024-02-08T12:56:30.517;8752;48;True
2024-02-08T12:56:30.521;8752;48;True
2024-02-08T12:56:30.526;8752;48;True
2024-02-08T12:56:30.531;8752;48;True
2024-02-08T12:56:30.535;8752;48;True
2024-02-08T12:56:30.539;8752;48;True
2024-02-08T12:56:30.544;8752;48;True
2024-02-08T12:56:30.547;8752;48;True
2024-02-08T12:56:30.552;8752;48;True
2024-02-08T12:56:30.557;8752;48;True
2024-02-08T12:56:30.564;8752;48;True
2024-02-08T12:56:30.568;8752;48;True
2024-02-08T12:56:30.574;8752;48;True
2024-02-08T12:56:30.580;8752;48;True
2024-02-08T12:56:30.584;8752;48;True
2024-02-08T12:56:30.589;8752;48;True
2024-02-08T12:56:30.595;8752;48;True
2024-02-08T12:56:30.599;8752;48;True
2024-02-08T12:56:30.603;8752;48;True
2024-02-08T12:56:30.608;8752;48;True
2024-02-08T12:56:30.613;8752;48;True
2024-02-08T12:56:30.617;8752;48;True
2024-02-08T12:56:30.622;8752;48;True
2024-02-08T12:56:30.627;8752;48;True
2024-02-08T12:56:30.633;8752;48;True
2024-02-08T12:56:30.638;8752;48;True
2024-02-08T12:56:30.642;8752;48;True
2024-02-08T12:56:30.647;8752;48;True
2024-02-08T12:56:30.652;8752;48;True
2024-02-08T12:56:30.656;8752;48;True
2024-02-08T12:56:30.660;8752;48;True
2024-02-08T12:56:30.665;8752;48;True
2024-02-08T12:56:30.669;8752;48;True
2024-02-08T12:56:30.674;8752;48;True
2024-02-08T12:56:30.678;8752;48;True
2024-02-08T12:56:30.684;8752;48;True
2024-02-08T12:56:30.688;8752;48;True
2024-02-08T12:56:30.693;8752;48;True
2024-02-08T12:56:30.697;8752;48;True
2024-02-08T12:56:30.701;8752;48;True
2024-02-08T12:56:30.705;8752;48;True
2024-02-08T12:56:30.709;8752;48;True
2024-02-08T12:56:30.714;8752;48;True
2024-02-08T12:56:30.719;8752;48;True
2024-02-08T12:56:30.724;8752;48;True
2024-02-08T12:56:30.727;8752;48;True
2024-02-08T12:56:30.732;8752;48;True
2024-02-08T12:56:30.736;8752;48;True
2024-02-08T12:56:30.741;8752;48;True
2024-02-08T12:56:30.746;8752;48;True
2024-02-08T12:56:30.750;8752;48;True
2024-02-08T12:56:30.754;8752;48;True
2024-02-08T12:56:30.758;8752;48;True
2024-02-08T12:56:30.763;8752;48;True
2024-02-08T12:56:30.767;8752;48;True
2024-02-08T12:56:30.771;8752;48;True
2024-02-08T12:56:30.775;8752;48;True
2024-02-08T12:56:30.779;8752;48;True
2024-02-08T12:56:30.785;8752;48;True
2024-02-08T12:56:30.789;8752;48;True
2024-02-08T12:56:30.794;8752;48;True
2024-02-08T12:56:30.799;8752;48;True
2024-02-08T12:56:30.802;8752;48;True
2024-02-08T12:56:30.807;8752;48;True
2024-02-08T12:56:30.812;8752;48;True
2024-02-08T12:56:30.816;8752;48;True
2024-02-08T12:56:30.820;8752;48;True
2024-02-08T12:56:30.824;8752;48;True
2024-02-08T12:56:30.828;8752;48;True
2024-02-08T12:56:30.835;8752;48;True
2024-02-08T12:56:30.839;8752;48;True
2024-02-08T12:56:30.843;8752;48;True
2024-02-08T12:56:30.847;8752;48;True
2024-02-08T12:56:30.851;8752;48;True
2024-02-08T12:56:30.856;8752;48;True
2024-02-08T12:56:30.860;8752;48;True
2024-02-08T12:56:30.865;8752;48;True
2024-02-08T12:56:30.869;8752;48;True
2024-02-08T12:56:30.873;8752;48;True
2024-02-08T12:56:30.878;8752;48;True
2024-02-08T12:56:30.882;8752;48;True
2024-02-08T12:56:30.886;8752;48;True
2024-02-08T12:56:30.890;8752;48;True
2024-02-08T12:56:30.895;8752;48;True
2024-02-08T12:56:30.900;8752;48;True
2024-02-08T12:56:30.906;8752;48;True
2024-02-08T12:56:30.909;8752;48;True
2024-02-08T12:56:30.915;8752;48;True
2024-02-08T12:56:30.920;8752;48;True
2024-02-08T12:56:30.925;8752;48;True
2024-02-08T12:56:30.931;8752;48;True
2024-02-08T12:56:30.936;8752;48;True
2024-02-08T12:56:30.941;8752;48;True
2024-02-08T12:56:30.946;8752;48;True
2024-02-08T12:56:30.951;8752;48;True
2024-02-08T12:56:30.956;8752;48;True
2024-02-08T12:56:30.961;8752;48;True
2024-02-08T12:56:30.967;8752;48;True
2024-02-08T12:56:30.974;8752;48;True
2024-02-08T12:56:30.979;8752;48;True
2024-02-08T12:56:30.984;8752;48;True
2024-02-08T12:56:30.989;8752;48;True
2024-02-08T12:56:30.994;8752;48;True
2024-02-08T12:56:30.999;8752;48;True
2024-02-08T12:56:31.004;8752;48;True
2024-02-08T12:56:31.008;8752;48;True
2024-02-08T12:56:31.013;8752;48;True
2024-02-08T12:56:31.018;8752;48;True
2024-02-08T12:56:31.024;8752;48;True
2024-02-08T12:56:31.030;8752;48;True
2024-02-08T12:56:31.040;8752;48;True
2024-02-08T12:56:31.045;8752;48;True
2024-02-08T12:56:31.051;8752;48;True
2024-02-08T12:56:31.057;8752;48;True
2024-02-08T12:56:31.062;8752;48;True
2024-02-08T12:56:31.066;8752;48;True
2024-02-08T12:56:31.071;8752;48;True
2024-02-08T12:56:31.076;8752;48;True
2024-02-08T12:56:31.081;8752;48;True
2024-02-08T12:56:31.085;8752;48;True
2024-02-08T12:56:31.089;8752;48;True
2024-02-08T12:56:31.093;8752;48;True
2024-02-08T12:56:31.098;8752;48;True
2024-02-08T12:56:31.102;8752;48;True
2024-02-08T12:56:31.107;8752;48;True
2024-02-08T12:56:31.112;8752;48;True
2024-02-08T12:56:31.116;8752;48;True
2024-02-08T12:56:31.121;8752;48;True
2024-02-08T12:56:31.126;8752;48;True
2024-02-08T12:56:31.132;8752;48;True
2024-02-08T12:56:31.137;8752;48;True
2024-02-08T12:56:31.141;8752;48;True
2024-02-08T12:56:31.147;8752;48;True
2024-02-08T12:56:31.153;8752;48;True
2024-02-08T12:56:31.158;8752;48;True
2024-02-08T12:56:31.164;8752;48;True
2024-02-08T12:56:31.171;8752;48;True
2024-02-08T12:56:31.178;8752;48;True
2024-02-08T12:56:31.184;8752;48;True
2024-02-08T12:56:31.189;8752;48;True
2024-02-08T12:56:31.194;8752;48;True
2024-02-08T12:56:31.200;8752;48;True
2024-02-08T12:56:31.205;8752;48;True
2024-02-08T12:56:31.209;8752;48;True
2024-02-08T12:56:31.214;8752;48;True
2024-02-08T12:56:31.219;8752;48;True
2024-02-08T12:56:31.224;8752;48;True
2024-02-08T12:56:31.229;8752;48;True
2024-02-08T12:56:31.234;8752;48;True
2024-02-08T12:56:31.240;8752;48;True
2024-02-08T12:56:31.245;8752;48;True
2024-02-08T12:56:31.249;8752;48;True
2024-02-08T12:56:31.253;8752;48;True
2024-02-08T12:56:31.257;8752;48;True
2024-02-08T12:56:31.263;8752;48;True
2024-02-08T12:56:31.268;8752;48;True
2024-02-08T12:56:31.274;8752;48;True
2024-02-08T12:56:31.279;8752;48;True
2024-02-08T12:56:31.283;8752;48;True
2024-02-08T12:56:31.289;8752;48;True
2024-02-08T12:56:31.294;8752;48;True
2024-02-08T12:56:31.299;8752;48;True
2024-02-08T12:56:31.304;8752;48;True
2024-02-08T12:56:31.309;8752;48;True
2024-02-08T12:56:31.314;8752;48;True
2024-02-08T12:56:31.318;8752;48;True
2024-02-08T12:56:31.323;8752;48;True
2024-02-08T12:56:31.329;8752;48;True
2024-02-08T12:56:31.333;8752;48;True
2024-02-08T12:56:31.338;8752;48;True
2024-02-08T12:56:31.342;8752;48;True
2024-02-08T12:56:31.347;8752;48;True
2024-02-08T12:56:31.353;8752;48;True
2024-02-08T12:56:31.357;8752;48;True
2024-02-08T12:56:31.361;8752;48;True
2024-02-08T12:56:31.366;8752;48;True
2024-02-08T12:56:31.371;8752;48;True
2024-02-08T12:56:31.375;8752;48;True
2024-02-08T12:56:31.380;8752;48;True
2024-02-08T12:56:31.384;8752;48;True
2024-02-08T12:56:31.390;8752;48;True
2024-02-08T12:56:31.395;8752;48;True
2024-02-08T12:56:31.399;8752;48;True
2024-02-08T12:56:31.404;8752;48;True
2024-02-08T12:56:31.408;8752;48;True
2024-02-08T12:56:31.414;8752;48;True
2024-02-08T12:56:31.419;8752;48;True
2024-02-08T12:56:31.424;8752;48;True
2024-02-08T12:56:31.428;8752;48;True
2024-02-08T12:56:31.433;8752;48;True
2024-02-08T12:56:31.438;8752;48;True
2024-02-08T12:56:31.444;16591;62;True
2024-02-08T12:56:31.448;16591;62;True
2024-02-08T12:56:31.452;16591;62;True
2024-02-08T12:56:31.456;16591;62;True
2024-02-08T12:56:31.460;16591;62;True
2024-02-08T12:56:31.465;16591;62;True
2024-02-08T12:56:31.469;16591;62;True
2024-02-08T12:56:31.473;16591;62;True
2024-02-08T12:56:31.478;16591;62;True
2024-02-08T12:56:31.483;16591;62;True
2024-02-08T12:56:31.488;16591;62;True
2024-02-08T12:56:31.492;16591;62;True
2024-02-08T12:56:31.497;16591;62;True
2024-02-08T12:56:31.502;16591;62;True
2024-02-08T12:56:31.505;16591;62;True
2024-02-08T12:56:31.510;16591;62;True
2024-02-08T12:56:31.516;16591;62;True
2024-02-08T12:56:31.519;16591;62;True
2024-02-08T12:56:31.523;16591;62;True
2024-02-08T12:56:31.527;16591;62;True
2024-02-08T12:56:31.533;16591;62;True
2024-02-08T12:56:31.538;16591;62;True
2024-02-08T12:56:31.542;16591;62;True
2024-02-08T12:56:31.547;16591;62;True
2024-02-08T12:56:31.552;16591;62;True
2024-02-08T12:56:31.556;16591;62;True
2024-02-08T12:56:31.561;16591;62;True
2024-02-08T12:56:31.565;16591;62;True
2024-02-08T12:56:31.570;16591;62;True
2024-02-08T12:56:31.574;16591;62;True
2024-02-08T12:56:31.579;16591;62;True
2024-02-08T12:56:31.583;16591;62;True
2024-02-08T12:56:31.588;16591;62;True
2024-02-08T12:56:31.593;16591;62;True
2024-02-08T12:56:31.598;16591;62;True
2024-02-08T12:56:31.602;16591;62;True
2024-02-08T12:56:31.607;16591;62;True
2024-02-08T12:56:31.613;16591;62;True
2024-02-08T12:56:31.619;16591;62;True
2024-02-08T12:56:31.625;16591;62;True
2024-02-08T12:56:31.632;16591;62;True
2024-02-08T12:56:31.638;16591;62;True
2024-02-08T12:56:31.645;16591;62;True
2024-02-08T12:56:31.649;16591;62;True
2024-02-08T12:56:31.654;16591;62;True
2024-02-08T12:56:31.658;16591;62;True
2024-02-08T12:56:31.664;16591;62;True
2024-02-08T12:56:31.669;16591;62;True
2024-02-08T12:56:31.673;16591;62;True
2024-02-08T12:56:31.678;16591;62;True
2024-02-08T12:56:31.684;16591;62;True
2024-02-08T12:56:31.689;16591;62;True
2024-02-08T12:56:31.694;16591;62;True
2024-02-08T12:56:31.699;16591;62;True
2024-02-08T12:56:31.704;16591;62;True
2024-02-08T12:56:31.709;16591;62;True
2024-02-08T12:56:31.714;16591;62;True
2024-02-08T12:56:31.719;16591;62;True
2024-02-08T12:56:31.723;16591;62;True
2024-02-08T12:56:31.728;16591;62;True
2024-02-08T12:56:31.733;16591;62;True
2024-02-08T12:56:31.739;16591;62;True
2024-02-08T12:56:31.744;16591;62;True
2024-02-08T12:56:31.749;16591;62;True
2024-02-08T12:56:31.755;16591;62;True
2024-02-08T12:56:31.760;16591;62;True
2024-02-08T12:56:31.766;16591;62;True
2024-02-08T12:56:31.773;16591;62;True
2024-02-08T12:56:31.778;16591;62;True
2024-02-08T12:56:31.784;16591;62;True
2024-02-08T12:56:31.789;16591;62;True
2024-02-08T12:56:31.795;16591;62;True
2024-02-08T12:56:31.800;16591;62;True
2024-02-08T12:56:31.805;16591;62;True
2024-02-08T12:56:31.811;16591;62;True
2024-02-08T12:56:31.816;16591;62;True
2024-02-08T12:56:31.821;16591;62;True
2024-02-08T12:56:31.827;16591;62;True
2024-02-08T12:56:31.833;16591;62;True
2024-02-08T12:56:31.837;16591;62;True
2024-02-08T12:56:31.843;16591;62;True
2024-02-08T12:56:31.851;16591;62;True
2024-02-08T12:56:31.856;16591;62;True
2024-02-08T12:56:31.861;16591;62;True
2024-02-08T12:56:31.865;16591;62;True
2024-02-08T12:56:31.869;16591;62;True
2024-02-08T12:56:31.874;16591;62;True
2024-02-08T12:56:31.877;16591;62;True
2024-02-08T12:56:31.881;16591;62;True
2024-02-08T12:56:31.886;16591;62;True
2024-02-08T12:56:31.891;16591;62;True
2024-02-08T12:56:31.896;16591;62;True
2024-02-08T12:56:31.901;16591;62;True
2024-02-08T12:56:31.905;16591;62;True
2024-02-08T12:56:31.910;16591;62;True
2024-02-08T12:56:31.915;16591;62;True
2024-02-08T12:56:31.919;16591;62;True
2024-02-08T12:56:31.923;16591;62;True
2024-02-08T12:56:31.927;16591;62;True
2024-02-08T12:56:31.932;16591;62;True
2024-02-08T12:56:31.937;16591;62;True
2024-02-08T12:56:31.941;16591;62;True
2024-02-08T12:56:31.946;16591;62;True
2024-02-08T12:56:31.950;16591;62;True
2024-02-08T12:56:31.955;16591;62;True
2024-02-08T12:56:31.960;16591;62;True
2024-02-08T12:56:31.965;16591;62;True
2024-02-08T12:56:31.970;16591;62;True
2024-02-08T12:56:31.975;16591;62;True
2024-02-08T12:56:31.980;16591;62;True
2024-02-08T12:56:31.985;16591;62;True
2024-02-08T12:56:31.991;16591;62;True
2024-02-08T12:56:31.997;16591;62;True
2024-02-08T12:56:32.002;16591;62;True
2024-02-08T12:56:32.006;16591;62;True
2024-02-08T12:56:32.012;16591;62;True
2024-02-08T12:56:32.018;16591;62;True
2024-02-08T12:56:32.023;16591;62;True
2024-02-08T12:56:32.029;16591;62;True
2024-02-08T12:56:32.035;16591;62;True
2024-02-08T12:56:32.040;16591;62;True
2024-02-08T12:56:32.046;16591;62;True
2024-02-08T12:56:32.054;16591;62;True
2024-02-08T12:56:32.060;16591;62;True
2024-02-08T12:56:32.064;16591;62;True
2024-02-08T12:56:32.070;16591;62;True
2024-02-08T12:56:32.077;16591;62;True
2024-02-08T12:56:32.083;16591;62;True
2024-02-08T12:56:32.089;16591;62;True
2024-02-08T12:56:32.096;16591;62;True
2024-02-08T12:56:32.102;16591;62;True
2024-02-08T12:56:32.107;16591;62;True
2024-02-08T12:56:32.114;16591;62;True
2024-02-08T12:56:32.119;16591;62;True
2024-02-08T12:56:32.124;16591;62;True
2024-02-08T12:56:32.129;16591;62;True
2024-02-08T12:56:32.133;16591;62;True
2024-02-08T12:56:32.140;16591;62;True
2024-02-08T12:56:32.145;16591;62;True
2024-02-08T12:56:32.149;16591;62;True
2024-02-08T12:56:32.156;16591;62;True
2024-02-08T12:56:32.162;16591;62;True
2024-02-08T12:56:32.168;16591;62;True
2024-02-08T12:56:32.173;16591;62;True
2024-02-08T12:56:32.179;16591;62;True
2024-02-08T12:56:32.185;16591;62;True
2024-02-08T12:56:32.189;16591;62;True
2024-02-08T12:56:32.195;16591;62;True
2024-02-08T12:56:32.200;16591;62;True
2024-02-08T12:56:32.206;16591;62;True
2024-02-08T12:56:32.212;16591;62;True
2024-02-08T12:56:32.218;16591;62;True
2024-02-08T12:56:32.223;16591;62;True
2024-02-08T12:56:32.228;16591;62;True
2024-02-08T12:56:32.234;16591;62;True
2024-02-08T12:56:32.239;16591;62;True
2024-02-08T12:56:32.243;16591;62;True
2024-02-08T12:56:32.248;16591;62;True
2024-02-08T12:56:32.255;16591;62;True
2024-02-08T12:56:32.260;16591;62;True
2024-02-08T12:56:32.264;16591;62;True
2024-02-08T12:56:32.268;16591;62;True
2024-02-08T12:56:32.273;16591;62;True
2024-02-08T12:56:32.278;16591;62;True
2024-02-08T12:56:32.282;16591;62;True
2024-02-08T12:56:32.287;16591;62;True
2024-02-08T12:56:32.291;16591;62;True
2024-02-08T12:56:32.297;16591;62;True
2024-02-08T12:56:32.301;16591;62;True
2024-02-08T12:56:32.306;16591;62;True
2024-02-08T12:56:32.311;16591;62;True
2024-02-08T12:56:32.315;16591;62;True
2024-02-08T12:56:32.319;16591;62;True
2024-02-08T12:56:32.324;16591;62;True
2024-02-08T12:56:32.328;16591;62;True
2024-02-08T12:56:32.333;16591;62;True
2024-02-08T12:56:32.338;16591;62;True
2024-02-08T12:56:32.342;16591;62;True
2024-02-08T12:56:32.346;16591;62;True
2024-02-08T12:56:32.351;16591;62;True
2024-02-08T12:56:32.355;16591;62;True
2024-02-08T12:56:32.359;16591;62;True
2024-02-08T12:56:32.363;16591;62;True
2024-02-08T12:56:32.367;16591;62;True
2024-02-08T12:56:32.373;16591;62;True
2024-02-08T12:56:32.377;16591;62;True
2024-02-08T12:56:32.381;16591;62;True
2024-02-08T12:56:32.386;16591;62;True
2024-02-08T12:56:32.390;16591;62;True
2024-02-08T12:56:32.395;16591;62;True
2024-02-08T12:56:32.400;16591;62;True
2024-02-08T12:56:32.404;16591;62;True
2024-02-08T12:56:32.409;16591;62;True
2024-02-08T12:56:32.414;16591;62;True
2024-02-08T12:56:32.419;16591;62;True
2024-02-08T12:56:32.423;16591;62;True
2024-02-08T12:56:32.428;16591;62;True
2024-02-08T12:56:32.434;16591;62;True
2024-02-08T12:56:32.440;16591;62;True
2024-02-08T12:56:32.445;16591;62;True
2024-02-08T12:56:32.449;16591;62;True
2024-02-08T12:56:32.456;16591;62;True
2024-02-08T12:56:32.460;16591;62;True
2024-02-08T12:56:32.465;16591;62;True
2024-02-08T12:56:32.470;16591;62;True
2024-02-08T12:56:32.474;16591;62;True
2024-02-08T12:56:32.478;16591;62;True
2024-02-08T12:56:32.482;16591;62;True
2024-02-08T12:56:32.487;16591;62;True
2024-02-08T12:56:32.492;16591;62;True
2024-02-08T12:56:32.496;16591;62;True
2024-02-08T12:56:32.500;16591;62;True
2024-02-08T12:56:32.505;16591;62;True
2024-02-08T12:56:32.510;16591;62;True
2024-02-08T12:56:32.517;16591;62;True
2024-02-08T12:56:32.523;16591;62;True
2024-02-08T12:56:32.529;16591;62;True
2024-02-08T12:56:32.533;16591;62;True
2024-02-08T12:56:32.537;16591;62;True
2024-02-08T12:56:32.543;16591;62;True
2024-02-08T12:56:32.548;16591;62;True
2024-02-08T12:56:32.553;16591;62;True
2024-02-08T12:56:32.557;16591;62;True
2024-02-08T12:56:32.563;16591;62;True
2024-02-08T12:56:32.567;16591;62;True
2024-02-08T12:56:32.574;16591;62;True
2024-02-08T12:56:32.580;16591;62;True
2024-02-08T12:56:32.586;16591;62;True
2024-02-08T12:56:32.592;16591;62;True
2024-02-08T12:56:32.598;16591;62;True
2024-02-08T12:56:32.603;16591;62;True
2024-02-08T12:56:32.608;16591;62;True
2024-02-08T12:56:32.614;16591;62;True
2024-02-08T12:56:32.619;16591;62;True
2024-02-08T12:56:32.625;16591;62;True
2024-02-08T12:56:32.631;16591;62;True
2024-02-08T12:56:32.637;16591;62;True
2024-02-08T12:56:32.642;16591;62;True
2024-02-08T12:56:32.648;16591;62;True
2024-02-08T12:56:32.655;16591;62;True
2024-02-08T12:56:32.663;16591;62;True
2024-02-08T12:56:32.669;16591;62;True
2024-02-08T12:56:32.676;16591;62;True
2024-02-08T12:56:32.684;16591;62;True
2024-02-08T12:56:32.690;16591;62;True
2024-02-08T12:56:32.696;16591;62;True
2024-02-08T12:56:32.702;16591;62;True
2024-02-08T12:56:32.708;16591;62;True
2024-02-08T12:56:32.715;16591;62;True
2024-02-08T12:56:32.719;16591;62;True
2024-02-08T12:56:32.724;16591;62;True
2024-02-08T12:56:32.729;16591;62;True
2024-02-08T12:56:32.735;16591;62;True
2024-02-08T12:56:32.739;16591;62;True
2024-02-08T12:56:32.744;16591;62;True
2024-02-08T12:56:32.749;16591;62;True
2024-02-08T12:56:32.756;16591;62;True
2024-02-08T12:56:32.761;16591;62;True
2024-02-08T12:56:32.767;16591;62;True
2024-02-08T12:56:32.773;16591;62;True
2024-02-08T12:56:32.779;16591;62;True
2024-02-08T12:56:32.786;16591;62;True
2024-02-08T12:56:32.792;16591;62;True
2024-02-08T12:56:32.797;16591;62;True
2024-02-08T12:56:32.803;16591;62;True
2024-02-08T12:56:32.805;16591;62;True
2024-02-08T12:56:32.809;16591;62;True
2024-02-08T12:56:32.814;16591;62;True
2024-02-08T12:56:32.818;16591;62;True
2024-02-08T12:56:32.821;16591;62;True
2024-02-08T12:56:32.826;16591;62;True
2024-02-08T12:56:32.831;16591;62;True
2024-02-08T12:56:32.836;16591;62;True
2024-02-08T12:56:32.842;16591;62;True
2024-02-08T12:56:32.847;16591;62;True
2024-02-08T12:56:32.852;16591;62;True
2024-02-08T12:56:32.857;16591;62;True
2024-02-08T12:56:32.863;16591;62;True
2024-02-08T12:56:32.869;16591;62;True
2024-02-08T12:56:32.877;16591;62;True
2024-02-08T12:56:32.882;16591;62;True
2024-02-08T12:56:32.889;16591;62;True
2024-02-08T12:56:32.894;16591;62;True
2024-02-08T12:56:32.901;16591;62;True
2024-02-08T12:56:32.907;16591;62;True
2024-02-08T12:56:32.913;16591;62;True
2024-02-08T12:56:32.917;16591;62;True
2024-02-08T12:56:32.923;16591;62;True
2024-02-08T12:56:32.927;16591;62;True
2024-02-08T12:56:32.932;16591;62;True
2024-02-08T12:56:32.937;16591;62;True
2024-02-08T12:56:32.941;16591;62;True
2024-02-08T12:56:32.946;16591;62;True
2024-02-08T12:56:32.951;16591;62;True
2024-02-08T12:56:32.956;16591;62;True
2024-02-08T12:56:32.961;16591;62;True
2024-02-08T12:56:32.965;16591;62;True
2024-02-08T12:56:32.971;16591;62;True
2024-02-08T12:56:32.976;16591;62;True
2024-02-08T12:56:32.980;16591;62;True
2024-02-08T12:56:32.986;16591;62;True
2024-02-08T12:56:32.991;16591;62;True
2024-02-08T12:56:32.997;16591;62;True
2024-02-08T12:56:33.002;16591;62;True
2024-02-08T12:56:33.007;16591;62;True
2024-02-08T12:56:33.013;16591;62;True
2024-02-08T12:56:33.018;16591;62;True
2024-02-08T12:56:33.022;16591;62;True
2024-02-08T12:56:33.028;16591;62;True
2024-02-08T12:56:33.033;16591;62;True
2024-02-08T12:56:33.038;16591;62;True
2024-02-08T12:56:33.043;16591;62;True
2024-02-08T12:56:33.048;16591;62;True
2024-02-08T12:56:33.053;16591;62;True
2024-02-08T12:56:33.059;16591;62;True
2024-02-08T12:56:33.066;16591;62;True
2024-02-08T12:56:33.072;16591;62;True
2024-02-08T12:56:33.078;16591;62;True
2024-02-08T12:56:33.083;16591;62;True
2024-02-08T12:56:33.088;16591;62;True
2024-02-08T12:56:33.093;16591;62;True
2024-02-08T12:56:33.098;16591;62;True
2024-02-08T12:56:33.103;16591;62;True
2024-02-08T12:56:33.107;16591;62;True
2024-02-08T12:56:33.112;16591;62;True
2024-02-08T12:56:33.116;16591;62;True
2024-02-08T12:56:33.121;16591;62;True
2024-02-08T12:56:33.126;16591;62;True
2024-02-08T12:56:33.131;16591;62;True
2024-02-08T12:56:33.137;16591;62;True
2024-02-08T12:56:33.144;16591;62;True
2024-02-08T12:56:33.149;16591;62;True
2024-02-08T12:56:33.156;16591;62;True
2024-02-08T12:56:33.162;16591;62;True
2024-02-08T12:56:33.168;16591;62;True
2024-02-08T12:56:33.174;16591;62;True
2024-02-08T12:56:33.180;16591;62;True
2024-02-08T12:56:33.186;16591;62;True
2024-02-08T12:56:33.192;16591;62;True
2024-02-08T12:56:33.200;16591;62;True
2024-02-08T12:56:33.205;16591;62;True
2024-02-08T12:56:33.212;16591;62;True
2024-02-08T12:56:33.220;16591;62;True
2024-02-08T12:56:33.227;16591;62;True
2024-02-08T12:56:33.233;16591;62;True
2024-02-08T12:56:33.239;16591;62;True
2024-02-08T12:56:33.246;16591;62;True
2024-02-08T12:56:33.252;16591;62;True
2024-02-08T12:56:33.257;16591;62;True
2024-02-08T12:56:33.263;16591;62;True
2024-02-08T12:56:33.272;16591;62;True
2024-02-08T12:56:33.279;16591;62;True
2024-02-08T12:56:33.284;16591;62;True
2024-02-08T12:56:33.289;16591;62;True
2024-02-08T12:56:33.294;16591;62;True
2024-02-08T12:56:33.300;16591;62;True
2024-02-08T12:56:33.307;16591;62;True
2024-02-08T12:56:33.312;16591;62;True
2024-02-08T12:56:33.317;16591;62;True
2024-02-08T12:56:33.322;16591;62;True
2024-02-08T12:56:33.328;16591;62;True
2024-02-08T12:56:33.332;16591;62;True
2024-02-08T12:56:33.338;16591;62;True
2024-02-08T12:56:33.343;16591;62;True
2024-02-08T12:56:33.348;16591;62;True
2024-02-08T12:56:33.354;16591;62;True
2024-02-08T12:56:33.360;16591;62;True
2024-02-08T12:56:33.366;16591;62;True
2024-02-08T12:56:33.373;16591;62;True
2024-02-08T12:56:33.378;16591;62;True
2024-02-08T12:56:33.383;16591;62;True
2024-02-08T12:56:33.388;16591;62;True
2024-02-08T12:56:33.394;16591;62;True
2024-02-08T12:56:33.399;16591;62;True
2024-02-08T12:56:33.404;16591;62;True
2024-02-08T12:56:33.409;16591;62;True
2024-02-08T12:56:33.414;16591;62;True
2024-02-08T12:56:33.421;16591;62;True
2024-02-08T12:56:33.425;16591;62;True
2024-02-08T12:56:33.431;16591;62;True
2024-02-08T12:56:33.437;16591;62;True
2024-02-08T12:56:33.442;16591;62;True
2024-02-08T12:56:33.447;16591;62;True
2024-02-08T12:56:33.453;16591;62;True
2024-02-08T12:56:33.459;16591;62;True
2024-02-08T12:56:33.464;16591;62;True
2024-02-08T12:56:33.471;16591;62;True
2024-02-08T12:56:33.476;16591;62;True
2024-02-08T12:56:33.481;16591;62;True
2024-02-08T12:56:33.487;16591;62;True
2024-02-08T12:56:33.493;16591;62;True
2024-02-08T12:56:33.498;16591;62;True
2024-02-08T12:56:33.503;16591;62;True
2024-02-08T12:56:33.508;16591;62;True
2024-02-08T12:56:33.514;16591;62;True
2024-02-08T12:56:33.519;16591;62;True
2024-02-08T12:56:33.524;16591;62;True
2024-02-08T12:56:33.529;16591;62;True
2024-02-08T12:56:33.536;16591;62;True
2024-02-08T12:56:33.541;16591;62;True
2024-02-08T12:56:33.546;16591;62;True
2024-02-08T12:56:33.552;16591;62;True
2024-02-08T12:56:33.556;16591;62;True
2024-02-08T12:56:33.562;16591;62;True
2024-02-08T12:56:33.567;16591;62;True
2024-02-08T12:56:33.572;16591;62;True
2024-02-08T12:56:33.578;16591;62;True
2024-02-08T12:56:33.584;16591;62;True
2024-02-08T12:56:33.590;16591;62;True
2024-02-08T12:56:33.596;16591;62;True
2024-02-08T12:56:33.601;16591;62;True
2024-02-08T12:56:33.608;16591;62;True
2024-02-08T12:56:33.613;16591;62;True
2024-02-08T12:56:33.619;16591;62;True
2024-02-08T12:56:33.624;16591;62;True
2024-02-08T12:56:33.629;16591;62;True
2024-02-08T12:56:33.635;16591;62;True
2024-02-08T12:56:33.640;16591;62;True
2024-02-08T12:56:33.645;16591;62;True
2024-02-08T12:56:33.651;16591;62;True
2024-02-08T12:56:33.656;16591;62;True
2024-02-08T12:56:33.661;16591;62;True
2024-02-08T12:56:33.666;16591;62;True
2024-02-08T12:56:33.675;16591;62;True
2024-02-08T12:56:33.681;16591;62;True
2024-02-08T12:56:33.687;16591;62;True
2024-02-08T12:56:33.693;16591;62;True
2024-02-08T12:56:33.700;16591;62;True
2024-02-08T12:56:33.706;16591;62;True
2024-02-08T12:56:33.713;16591;62;True
2024-02-08T12:56:33.717;16591;62;True
2024-02-08T12:56:33.724;16591;62;True
2024-02-08T12:56:33.731;16591;62;True
2024-02-08T12:56:33.737;16591;62;True
2024-02-08T12:56:33.743;16591;62;True
2024-02-08T12:56:33.749;16591;62;True
2024-02-08T12:56:33.756;16591;62;True
2024-02-08T12:56:33.763;16591;62;True
2024-02-08T12:56:33.770;16591;62;True
2024-02-08T12:56:33.776;16591;62;True
2024-02-08T12:56:33.782;16591;62;True
2024-02-08T12:56:33.788;16591;62;True
2024-02-08T12:56:33.794;16591;62;True
2024-02-08T12:56:33.800;16591;62;True
2024-02-08T12:56:33.806;16591;62;True
2024-02-08T12:56:33.812;16591;62;True
2024-02-08T12:56:33.818;16591;62;True
2024-02-08T12:56:33.822;16591;62;True
2024-02-08T12:56:33.827;16591;62;True
2024-02-08T12:56:33.832;16591;62;True
2024-02-08T12:56:33.838;16591;62;True
2024-02-08T12:56:33.843;16591;62;True
2024-02-08T12:56:33.848;16591;62;True
2024-02-08T12:56:33.854;16591;62;True
2024-02-08T12:56:33.859;16591;62;True
2024-02-08T12:56:33.864;16591;62;True
2024-02-08T12:56:33.870;16591;62;True
2024-02-08T12:56:33.877;16591;62;True
2024-02-08T12:56:33.882;16591;62;True
2024-02-08T12:56:33.886;16591;62;True
2024-02-08T12:56:33.890;16591;62;True
2024-02-08T12:56:33.896;16591;62;True
2024-02-08T12:56:33.902;16591;62;True
2024-02-08T12:56:33.908;16591;62;True
2024-02-08T12:56:33.914;16591;62;True
2024-02-08T12:56:33.920;16591;62;True
2024-02-08T12:56:33.925;16591;62;True
2024-02-08T12:56:33.931;16591;62;True
2024-02-08T12:56:33.936;16591;62;True
2024-02-08T12:56:33.942;16591;62;True
2024-02-08T12:56:33.947;16591;62;True
2024-02-08T12:56:33.953;16591;62;True
2024-02-08T12:56:33.958;16591;62;True
2024-02-08T12:56:33.964;16591;62;True
2024-02-08T12:56:33.970;16591;62;True
2024-02-08T12:56:33.975;16591;62;True
2024-02-08T12:56:33.981;16591;62;True
2024-02-08T12:56:33.986;16591;62;True
2024-02-08T12:56:33.992;16591;62;True
2024-02-08T12:56:33.998;16591;62;True
2024-02-08T12:56:34.004;16591;62;True
2024-02-08T12:56:34.011;16591;62;True
2024-02-08T12:56:34.018;16591;62;True
2024-02-08T12:56:34.024;16591;62;True
2024-02-08T12:56:34.033;16591;62;True
2024-02-08T12:56:34.041;16591;62;True
2024-02-08T12:56:34.048;16591;62;True
2024-02-08T12:56:34.055;16591;62;True
2024-02-08T12:56:34.062;16591;62;True
2024-02-08T12:56:34.069;16591;62;True
2024-02-08T12:56:34.077;16591;62;True
2024-02-08T12:56:34.087;16591;62;True
2024-02-08T12:56:34.094;16591;62;True
2024-02-08T12:56:34.100;16591;62;True
2024-02-08T12:56:34.106;16591;62;True
2024-02-08T12:56:34.113;16591;62;True
2024-02-08T12:56:34.120;16591;62;True
2024-02-08T12:56:34.125;16591;62;True
2024-02-08T12:56:34.131;16591;62;True
2024-02-08T12:56:34.137;16591;62;True
2024-02-08T12:56:34.144;16591;62;True
2024-02-08T12:56:34.150;16591;62;True
2024-02-08T12:56:34.156;16591;62;True
2024-02-08T12:56:34.164;16591;62;True
2024-02-08T12:56:34.171;16591;62;True
2024-02-08T12:56:34.176;16591;62;True
2024-02-08T12:56:34.182;16591;62;True
2024-02-08T12:56:34.187;16591;62;True
2024-02-08T12:56:34.193;16591;62;True
2024-02-08T12:56:34.200;16591;62;True
2024-02-08T12:56:34.205;16591;62;True
2024-02-08T12:56:34.213;16591;62;True
2024-02-08T12:56:34.218;16591;62;True
2024-02-08T12:56:34.222;16591;62;True
2024-02-08T12:56:34.228;16591;62;True
2024-02-08T12:56:34.233;16591;62;True
2024-02-08T12:56:34.238;16591;62;True
2024-02-08T12:56:34.243;16591;62;True
2024-02-08T12:56:34.248;16591;62;True
2024-02-08T12:56:34.254;16591;62;True
2024-02-08T12:56:34.258;16591;62;True
2024-02-08T12:56:34.263;16591;62;True
2024-02-08T12:56:34.268;16591;62;True
2024-02-08T12:56:34.273;16591;62;True
2024-02-08T12:56:34.279;16591;62;True
2024-02-08T12:56:34.285;16591;62;True
